KP,Seconds
0.12,21.90381622314453
0.12,0.8791487216949463
0.03,2.9431889057159424
0.1,0.6890506744384766
